correct,error
Apennines,Apenines
Apennines,Appenines
Athenian,Athenean
Athenians,Atheneans
Bernoulli,Bernouilli
Blitzkrieg,Blitzkreig
Brazilian,Brasillian
Britain,Britian
British,Brittish
Caesar,Ceasar
Cambridge,Cambrige
Caracas,carcas
Caribbean,Carribean
Carthaginian,Carthagian
Catalina,Cataline
Catiline,Cataline
Celsius,Celcius
Champagne,Champange
Connecticut,Conneticut
Cypriot,Cyprian
Ellis,eles
English,Enlish
European,Europian
European,Eurpean
European,Eurpoean
Europeans,Europians
February,febuary
Flemish,Flemmish
Franciscan,Fransiscan
Franciscans,Fransiscans
Gael,gae
Galatians,Galations
Gandhi,Ghandi
Gauguin,gogin
Guatemala,Guatamala
Guatemalan,Guatamalan
Guinness,Guiness
Israelis,Israelies
Ithaca,Ihaca
Jacques,Jaques
Japanese,Japanes
Joseph,Jospeh
Judaism,Juadaism
Judaism,Juadism
Libya,Lybia
Malcolm,Malcom
Maltese,maltesian
Mara_Liasson,liason
Massachusetts,Massachussets
Massachusetts,Massachussetts
Mediterranean,Mediteranean
Michigan,Michagan
Miranda,meranda
Mississippi,Missisipi
Mississippi,Missisippi
Missouri,Misouri
Muslim,Mohammedan
Muslim,Muhammadan
Muslims,Mohammedans
Nazareth,Nazereth
New_Yorker,Newyorker
Newfoundland,Foundland
Nuremberg,Nuremburg
Orignal,orginal
Palestinian,Palistian
Palestinian,Palistinian
Philippine,Phillipine
Philippines,Philipines
Philippines,Phillipines
Philippines,Phillippines
Portuguese,Portugese
Puccini,Pucini
Rockefeller,Rockerfeller
Russian,Russion
Russian,russina
Saturday,Saterday
Saturdays,Saterdays
Sistine,Sixtin
Spanish,spainish
Tim,tiem
Ukrainian,Ukranian
Valletta,Valetta
Wednesday,wendsay
Wednesday,wensday
Zionist,Sionist
Zionists,Sionists
a_lot,alot
abandon,abondon
abandoned,abondoned
abandoning,abondoning
abandons,abondons
aberration,aberation
about,baout
about,boaut
absence,absense
absorbed,asorbed
absorption,absorbsion
absorption,absorbtion
abuts,abutts
acceptable,acceptible
accessible,accessable
accession,accension
accidentally,accidently
acclimatization,acclimitization
accommodate,accomadate
accommodate,accomodate
accommodated,accomadated
accommodated,accomodated
accommodates,accomadates
accommodates,accomodates
accommodating,accomadating
accommodating,accomodating
accommodation,accomadation
accommodation,accomodation
accommodations,accomodations
accompanied,accompanyed
accomplish,acomplish
accomplished,acomplished
accomplishment,acomplishment
accomplishments,acomplishments
according,acording
accuracy,acuracy
accused,accussed
accustom,acustom
accustomed,acustommed
achieve,acheive
achieve,achive
achieved,acheived
achieved,achived
achievement,acheivement
achievement,acheivment
achievement,achievment
achievements,acheivements
achievements,acheivments
achievements,achievments
achieves,acheives
achieving,acheiving
acquaintance,acquaintence
acquaintance,acquiantence
acquaintance,aquaintance
acquaintance,aquiantance
acquaintances,acquaintences
acquaintances,acquiantences
acquainted,aquainted
acquire,adquire
acquire,aquire
acquired,adquired
acquired,aquired
acquires,adquires
acquiring,adquiring
acquiring,aquiring
acquisition,aquisition
acquitted,acquited
acquitted,aquitted
across,accross
actually,actualy
adaptation,adaption
adaptations,adaptions
adders,addres
additionally,additinally
address,addres
address,adres
address,adress
addressable,addresable
addressable,adresable
addressable,adressable
addressing,addresing
addressing,adresing
addressing,adressing
adequate,adecuate
adhering,adhearing
administrate,adminstrate
administration,adminstration
administrative,adminstrative
admissibility,admissability
admissible,admissable
admission,addmission
adolescent,adolecent
adopt,addopt
adopted,addopted
adoptive,addoptive
advertisement,advertisment
advertisements,advertisments
advice,adviced
advised,adviced
aerial,aeriel
aerials,aeriels
afford,affort
afford,efford
affords,effords
aficionado,afficionado
aficionados,afficionados
again,agian
again,agina
aggravate,agravate
aggregate,agregate
aggregates,agregates
aggression,agression
aggressive,agressive
aggressively,agressively
aggrieved,agrieved
agree,agre
agreed,agred
agreeing,agreing
agreement,aggreement
agriculturist,agriculturalist
airborne,airbourne
airports,airporta
alcohol,alchohol
alcoholic,alcoholical
algebraic,algebraical
algorithm,algoritm
algorithms,algoritms
allege,alege
allege,alledge
alleged,aleged
alleged,alledged
alleges,alledges
allegiance,alegience
allegiance,allegience
alleviate,alliviate
allophone,allopone
allophones,allopones
allot,alot
allotted,alotted
allusion,alusion
almost,almsot
almost,alomst
already,alreayd
also,alsot
also,aslo
although,altho
although,althought
although,altough
always,alwasy
always,alwyas
amateur,amature
amend,ammend
amendment,admendment
amendment,amendmant
amendment,ammendment
among,amoung
anal,anual
analogous,analagous
analogous,analogeous
analytic,analitic
and,anbd
androgynous,androgenous
androgyny,androgeny
angina,agina
annihilation,anihilation
announced,anounced
annual,anual
annulled,annuled
anoint,annoint
anointed,annointed
anointing,annointing
anoints,annoints
anomalies,anomolies
anomalous,anomolous
anomaly,anomoly
anonymity,anonimity
anything,anytying
anywhere,anyhwere
apart,appart
apartment,appartment
apartments,appartments
apologetics,apolegetics
apologies,appologies
apology,appology
appalling,appealling
apparent,aparent
apparent,apparant
appealing,appealling
appearance,appearence
appearances,appearences
application,aplication
appreciate,apprieciate
approaches,approachs
appropriate,appropiate
approximately,approximitely
approximately,aproximately
apron,apon
arbitrarily,arbitarily
arbitrary,arbitary
archaeologist,archeaologist
archaeologists,archeaologists
archaeology,archaoelogy
archaeology,archaology
archeologist,archeaologist
archeologists,archeaologists
archeology,archaoelogy
archeology,archaology
archetype,archtype
archetypes,archtypes
architect,archetect
architects,archetects
architectural,archetectural
architecturally,archetecturally
architecture,archetecture
archive,achive
archived,achived
armature,amature
arrangement,arangement
arrested,erested
article,artical
article,articel
artificial,artifical
artificially,artifically
artillery,artillary
ascension,accension
ascetic,asetic
aspects,spects
assassin,assasin
assassinate,assasinate
assassinated,assasinated
assassinates,assasinates
assassination,assasination
assassinations,assasinations
assassins,assasins
assemble,assemple
assistant,assitant
associated,asociated
asteroid,asteriod
asymmetric,assymetric
atheistic,atheistical
attainder,attaindre
attained,attaindre
attempt,attemt
attempted,attemted
attempting,attemting
attempts,attemts
attendance,attendence
attendant,attendent
attendants,attendents
attitude,attitide
attribute,atribute
attributes,atributes
audience,audeince
author,autor
autobiographic,authobiographic
autobiography,authobiography
auxiliary,auxilliary
available,avalable
available,avaliable
averaged,averageed
aviation,avation
away,awya
awkward,ackward
back,bakc
back,bcak
backward,ackward
bandwidth,bandwith
bankruptcy,bankrupcy
barbecue,barbeque
basically,basicaly
basically,basicly
beautiful,beatiful
beautiful,beautyfull
became,becamae
because,beacuse
because,becasue
because,becouse
because,becuase
becoming,becomming
before,befoer
begging,beggin
begin,beggin
beginner,begginer
beginners,begginers
beginning,beggining
beginning,begining
beginning,beginnig
beginnings,begginings
behavior,behavour
behaviour,behavour
belief,beleif
beliefs,belives
believe,beleive
believed,beleived
believes,beleives
believes,belives
believing,beleiving
beneficial,benificial
beneficiary,beneficary
benefit,benifit
benefits,benifits
besiege,beseige
besieged,beseiged
besieging,beseiging
bestiality,beastiality
between,vetween
bilaterally,bilateraly
binomial,binominal
blame,blaim
blamed,blaimed
blessing,blessure
boat,boaut
boundary,bondary
boundary,boundry
bout,baout
bout,boaut
breakthrough,breakthough
brilliant,briliant
broadly,broady
buffaloes,buffalos
buffalos,buffaloes
bureaucracy,beaurocracy
burin,buring
burning,buring
burying,buring
business,buisness
business,busineses
business,busness
businesses,busineses
caisson,casion
calculate,caluclate
calculate,caluculate
calculate,calulate
calculated,caluclated
calculated,caluculated
calculated,calulated
calendar,calender
calligraphy,caligraphy
campaign,campain
campaigns,campains
can't,cant
candidate,candadate
canister,cannister
canisters,cannisters
canonical,cannonical
cant,cant
capability,caperbility
carcass,carcas
caring,careing
carnivorous,carniverous
cartilage,cartilege
cartilage,cartilidge
cartographer,carthographer
cartridge,cartrige
cassette,casette
cassowary,cassawory
cassowary,cassowarry
casualties,casulaties
casualties,causalities
casualty,casulaty
categories,catagories
category,catagory
caterpillar,catterpilar
caterpillars,catterpilars
catholic,cathlic
cemeteries,cemetaries
cemetery,cemetarey
cemetery,cemetary
censor,censur
censure,censur
censure,sensure
census,cencus
centuries,centruies
century,centruy
ceremonial,cerimonial
ceremonies,cerimonies
ceremonious,cerimonious
ceremony,cerimony
certain,ceratin
certainty,certainity
cervical,cervial
chairman,chariman
character,carachter
character,charachter
characteristics,charistics
characterized,charaterized
characters,charachters
charismatic,carismatic
chase,chasr
chaser,chasr
cheat,sheat
chemical,chemcial
chemically,chemcially
chemically,chemicaly
chemistry,chemestry
chief,cheif
childbirth,childbird
children's,childrens
chosen,choosen
church,curch
circuit,ciricuit
civilian,civillian
claims,claimes
clear,claer
clear,clera
clearance,cleareance
clearer,claerer
clearly,claerly
clinical,clincial
clinically,clinicaly
cloud,coudl
coast,caost
collateral,colateral
colleague,collegue
colleagues,collegues
collectible,collectable
colonies,collonies
colonnade,collonade
colony,collony
coloration,colouration
colossal,collosal
colouration,coloration
comeback,comback
coming,comming
commandeer,comander
commander,comander
commando,comando
commandos,comandos
commandos,commandoes
commemorated,commmemorated
commemorative,commemerative
commercial,commericial
commercially,commericially
commission,comision
commission,comission
commission,commision
commissioned,comisioned
commissioned,comissioned
commissioned,commisioned
commissioner,comisioner
commissioner,comissioner
commissioner,commisioner
commissioning,comisioning
commissioning,comissioning
commissioning,commisioning
commissions,comisions
commissions,comissions
commissions,commisions
committed,comited
committed,comitted
committed,commited
committee,comittee
committee,commitee
committee,committe
committing,comiting
committing,comitting
committing,commiting
commonly,commongly
communication,communciation
comparative,comparitive
comparison,comparision
compatibility,compatiblity
competence,competance
competent,competant
competent,compitent
competition,competion
competitive,competive
compiler,complier
completion,competion
comprehensive,comphrehensive
compromise,comprimise
concentrate,consentrate
concentrated,consentrated
concentrates,consentrates
concept,consept
concern,consern
concerned,conserned
concerning,conserning
condemned,condemmed
condition,condidtion
conditions,condidtions
confidential,confidental
confidentially,confidentally
conform,coform
congressional,congresional
conjecture,conjecutre
connived,conived
connotation,cannotation
connotations,cannotations
conqueror,conquerer
conquerors,conquerers
conscious,concious
consciously,conciously
consciousness,conciousness
consensus,concensus
consent,conscent
conservative,conservitive
consider,concider
consider,consdider
considered,concidered
considered,consdidered
considered,considerd
considers,conciders
consolidate,consolodate
consolidated,consolodated
consonant,consonent
consonants,consonents
consortium,consorcium
constant,constatn
constantly,constanly
constituencies,consituencies
constituency,consituency
constituent,constituant
constituents,constituants
constitution,consitution
constitution,constituion
constitution,costitution
constitutional,consitutional
constitutional,constituional
constraints,constaints
construction,constuction
consummate,consumate
consummated,consumated
contains,containes
contains,countains
contaminate,contaiminate
contemporaneous,contemporaneus
contemporaries,contamporaries
contemporary,contamporary
contemporary,contemporaneus
continuing,continueing
continuous,continous
continuously,continously
contributor,contributer
contributors,contributers
control,controll
controlled,controled
controlling,controling
controls,controlls
controversial,contravercial
controversial,controvercial
controversies,controveries
controversy,contraversy
controversy,controvercy
controversy,controvery
convenient,conveinent
convenient,convienient
conventional,convential
conversion,convertion
converted,coverted
converter,convertor
converters,convertors
conveyor,conveyer
cooperation,coorperation
coordination,coordiantion
copy,cpoy
copyright,copywrite
corporate,corparate
corporation,coorperation
correspond,corrispond
corresponded,corrisponded
correspondent,correspondant
correspondent,corrispondant
correspondents,correspondants
correspondents,corrispondants
corresponding,correponding
corresponding,correposding
corresponding,corrisponding
corresponds,corrisponds
corrosion,corosion
could,coudl
could,sould
councillor,councellor
councillors,councellors
counsellor,councellor
counsellors,councellors
counselor,councellor
counselors,councellors
countries,ocuntries
country,ocuntry
courier,coururier
couturier,coururier
covenant,convenant
covered,coverted
coveted,coverted
coy,cpoy
created,creaeted
criterion,critereon
criticise,critisize
criticised,critisized
criticises,critisizes
criticising,critising
criticising,critisizing
criticism,critisism
criticisms,critisisms
criticize,critisize
criticized,critisized
criticizes,critisizes
criticizing,critising
criticizing,critisizing
critics,criticists
crucifixion,crucifiction
cruises,crusies
culminating,culiminating
cumulative,cumulatative
currently,currenly
cyan,cxan
dahl,dael
daub,doub
de_rigueur,de_rigeur
deal,dael
debatable,debateable
deceived,decieved
decidable,decideable
decide,deside
decidedly,decidely
deciduous,ecidious
decipher,decypher
deciphered,decyphered
decision,descision
decisions,descisions
decompose,decomposit
decomposed,decomposited
decomposes,decomposits
decomposing,decompositing
defiance,definance
define,deffine
defined,deffined
definite,definate
definite,definit
definitely,definately
definitely,definatly
definitely,definetly
definitely,definitly
deities,dieties
deity,diety
demeanor,damenor
demeanor,demenor
demeanour,damenor
demeanour,demenor
demographic,demographical
denigrating,denegrating
dependence,dependance
dependency,dependancy
dependent,dependant
derived,deriviated
derived,dirived
derogatory,derogitory
descendant,decendant
descendant,descendent
descendants,decendants
descendants,decendents
descendants,descendents
describe,decribe
describe,discribe
described,decribed
described,discribed
describes,decribes
describes,discribes
describing,decribing
describing,discribing
desiccated,dessicated
designed,desgined
designed,dessigned
desirable,desireable
despair,dispair
desperate,desparate
desperation,despiration
despicable,dispicable
despite,dispite
destroy,stroy
destructive,distructive
detached,detatched
detailed,detailled
determining,determinining
detrimental,detremental
develop,develope
developed,developped
development,devolopement
device,divice
dial,dael
didn't,didnt
die,diea
different,diferent
different,diferrent
different,diffrent
difficulties,dificulties
difficulty,dificulty
dimension,dimention
dimensions,dimenions
dimensions,dimentions
diphthong,diphtong
diphthong,dipthong
diphthongs,diphtongs
diphthongs,dipthongs
directly,driectly
disagreement,dissagreement
disappear,dissapear
disappear,dissappear
disappeared,dissapeared
disappearing,dissapearing
disappears,dissapears
disappears,dissappears
disapproval,disaproval
disaster,diaster
disastrous,disasterous
discontent,discontentment
discover,dicover
discovered,dicovered
discovering,dicovering
discovers,dicovers
discovery,dicovery
discuss,descuss
disintegrated,desintegrated
disintegration,desintegration
disobedience,disobediance
disobedience,dissobediance
disobedience,dissobedience
disobedient,disobediant
disobedient,dissobediant
disobedient,dissobedient
disparagingly,disparingly
disparate,desparate
dispense,dispence
dispensed,dispenced
dispensing,dispencing
dissatisfaction,disatisfaction
dissatisfied,disatisfied
dissemination,disemination
dissolved,disolved
distinguish,distingish
distinguished,distingished
distinguishes,distingishes
distinguishing,distingishing
diverged,diversed
diverse,diversed
divide,devide
divided,devided
division,divison
divisions,divisons
document,doccument
documented,doccumented
documents,doccuments
does,doens
doesn't,doesnt
doing,doign
doing,donig
dominant,dominent
dominant,dominiant
doubt,doub
dram,deram
dramatic,dramtic
dream,deram
dreams,dreasm
dressing,adressing
drink,drnik
drumming,druming
dukedom,dukeship
during,buring
during,durring
dyeing,dieing
dying,dieing
earned,earnt
eclectic,electic
eclipse,eclispe
efficient,effecient
efficient,efficent
efficiently,effeciently
efficiently,efficently
effluence,effulence
effort,affort
effort,efford
efforts,effords
eighth,eigth
election,electon
electric,electic
electrical,electrial
electrically,electricly
electricity,electricty
electron,electon
elementary,elimentary
elephant,elphant
elicited,elicided
eligible,eligable
eliminated,eleminated
eliminating,eleminating
else,esle
emanate,eminate
embarrass,embarass
embarrass,embarras
embarrassed,embarassed
embarrassed,embarrased
embarrassing,embarassing
embarrassing,embarrasing
embarrassment,embarassment
embarrassment,embarrasment
embezzled,embezelled
emigrant,imigrant
emigrated,emmigrated
emigrated,imigrated
emigration,imigration
eminent,emminent
eminent,imanent
eminent,iminent
eminently,emminently
emissaries,emmisaries
emissaries,emmisarries
emissary,emmisarry
emissary,emmisary
emission,emision
emission,emition
emission,emmision
emitted,emited
emitted,emmited
emitted,emmitted
emitting,emiting
emitting,emmiting
emitting,emmitting
emotion,emition
emphysema,emphysyma
empirical,emperical
empirical,empirial
enamored,enamoured
enamoured,enamored
encryption,encryptiion
engineer,engeneer
engineer,engieneer
engineering,engeneering
engineers,engieneers
enlargement,enlargment
enlargements,enlargments
enlist,Enlish
enmity,emnity
enormous,enourmous
enormously,enourmously
entertaining,intertaining
entrepreneur,entrepeneur
entrepreneurs,entrepeneurs
enumerable,inumerable
environment,enviorment
environment,enviornment
environment,enviroment
environmental,enviormental
environmental,enviornmental
environmental,enviromental
environmentalist,enviornmentalist
environmentalist,enviromentalist
environmentally,enviormentally
environmentally,enviornmentally
environmentally,enviromentally
environments,enviorments
environments,enviornments
environments,enviroments
equatorial,equitorial
equilibrium,equilibium
equilibrium,equilibrum
equipment,equippment
equipped,equiped
erected,erested
erratic,eratic
erratically,eraticly
essence,essense
essential,esential
essential,essencial
essential,essentual
essential,essesital
ethos,ethose
every,eveyr
evidently,evidentally
evil,efel
exacerbate,exerbate
exacerbated,exerbated
exaggerate,exagerate
exaggerate,exagerrate
exaggerated,exagerated
exaggerated,exagerrated
exaggerates,exagerates
exaggerates,exagerrates
exaggerating,exagerating
exaggerating,exagerrating
exalted,exhalted
example,exemple
example,exmaple
exceeded,excedded
excel,excell
excellent,exelent
excels,excells
excerpt,exerpt
excerpts,exerpts
execute,excecute
executed,excecuted
executes,excecutes
executing,excecuting
execution,excecution
exempt,exampt
exerted,extered
exhibition,exibition
exhibitions,exibitions
existence,existance
existent,existant
exoskeleton,exoskelaton
expects,spects
expel,expell
expels,expells
explain,expalin
exploitative,exploititive
extant,extint
external,exerternal
extinct,extint
extraordinarily,extrordinarily
extraordinary,extrordinary
extraterrestrial,extraterrestial
extravagant,extravagent
eyas,eyars
facilitate,faciliate
facilitated,faciliated
famous,famoust
fanaticism,fanatism
fascinated,facinated
feasible,feasable
feel,fiel
feels,fiels
fictitious,ficticious
fictitious,fictious
field,fiel
fields,fiels
filament,filiament
file,fiel
files,fiels
finally,fianlly
finally,finaly
financially,financialy
find,fidn
first,firts
fled,fleed
flirts,firts
flourish,fluorish
fluorescent,florescent
forbade,forbad
forehead,forhead
foreign,foriegn
foremost,formost
forerunner,forunner
forfeit,forfiet
form,fomr
formalize,formallize
formalized,formallized
forty,fourty
fought,faught
fought,fougth
found,foudn
foundries,foundaries
foundry,foundary
freed,fleed
friend,freind
friends,firends
from,fomr
fundamental,fundametal
fundamentals,fundametals
fungi,funguses
further,furuther
gale,gae
game,gae
gases,gasses
genealogies,geneologies
genealogy,geneology
generally,generaly
genitalia,genialia
goddess,godess
goddesses,godesses
going,gogin
going,goign
going,gonig
going,oging
gourd,gaurd
government,goverment
government,govorment
governmental,govermental
governmental,govormental
governor,gouvener
governor,governer
graffiti,grafitti
grammar,grammer
grammatically,gramatically
grammatically,grammaticaly
grateful,greatful
gratefully,greatfully
gratuitous,gratuitious
great,gerat
great,graet
great,grat
grief,greif
group_sex,groupsex
grow,grwo
guanine,gunanine
guarantee,guarentee
guaranteed,garanteed
guaranteed,guarenteed
guaranteed,guranteed
guarantees,guarentees
guard,gaurd
guerilla,guerrila
guerillas,guerrilas
guerrilla,guerrila
guerrillas,guerrilas
guidance,guidence
guttural,guttaral
guttural,gutteral
habeas,habaeus
habeas,habeus
happen,ahppen
happen,hapen
happened,hapened
happened,happended
happening,hapening
harass,harras
harass,harrassing
harassed,harased
harassed,harrased
harasses,harases
harasses,harrases
harassing,harrasing
harassment,harasment
harassment,harrasment
hare,hace
have,ahev
have,ahve
have,haev
have,hvae
have,hvea
having,hvaing
heave,haev
heave,hvea
heritage,inheritage
heroes,heros
heterogeneous,heterogenous
holy,wholy
hydrophilic,hydropilic
hydrophobic,hydropobic
hygiene,hygeine
hypocrisy,hypocracy
hypocrisy,hypocrasy
hypocrisy,hypocricy
hypocrite,hypocrit
hypocrites,hypocrits
iconoclastic,iconclastic
idea,diea
idea,idae
ideas,idaes
ideas,idesa
identical,identicial
ideologies,idealogies
ideology,idealogy
ides,idesa
idiosyncratic,ideosyncratic
illegitimacy,illegimacy
illegitimate,illegitmate
illogical,ilogical
illusion,alusion
illusion,illution
imagery,imaginery
imaginary,imagenary
imaginary,imaginery
imagine,imagin
imbalance,inbalance
imitate,immitate
imitated,immitated
imitating,immitating
imitator,immitator
immanent,iminent
immediately,emmediately
immediately,imediately
immediately,immediatley
immediately,immidately
immediately,immidiately
immense,imense
immigrant,imigrant
immigrant,inmigrant
immigrants,inmigrants
immigrated,imigrated
immigration,imigration
imminent,emminent
imminent,imanent
imminent,iminent
impeach,inpeach
impedance,impedence
imperial,empirial
impolite,inpolite
imprisonment,inprisonment
improvisation,improvision
in_spite,inspite
inaccessible,inaccessable
inappropriate,inappropiate
incompatibility,incompatiblity
incompetence,incompetance
incompetent,incompetant
incorporation,incorperation
incorruptible,incorruptable
incredible,increadible
incredible,incredable
incunabula,incunabla
indefinitely,indefinately
indefinitely,indefinitly
independence,independance
independence,independece
independent,independant
independent,indipendent
independent,indpendent
independently,indepedantly
independently,independantly
independently,indipendently
independently,indpendently
indict,indite
indispensable,indispensible
indisputable,indisputible
indisputably,indisputibly
indulge,indulgue
industrial,indutrial
inevitable,inevatible
inevitable,inevitible
infectious,infectuous
infiltrate,infilitrate
infiltrated,infilitrated
infinite,infinit
inflammation,inflamation
influenced,influented
influential,influencial
information,infomation
ingredients,ingreediants
inhabitant,habitant
inhabitants,habitants
inheritance,inheritage
initiation,initation
innocence,inocence
innumerable,inumerable
insidious,ecidious
insistence,insistance
instance,instatance
instead,instade
institution,insitution
institutions,insitutions
integrated,intergrated
integration,intergration
intellectual,intelectual
intelligence,inteligence
intelligent,inteligent
interbred,interbread
interbreed,interbread
interchangeably,interchangably
interest,intrest
international,internation
interpret,interpet
interregnum,interrugum
interrelated,interelated
interrupt,interupt
into,inot
introduce,inctroduce
introduced,inctroduced
intuitive,intutive
intuitively,intutively
inventor,inventer
invertebrates,invertibrates
involvement,involvment
ironically,ironicly
irrelevant,irelevent
irresistible,iresistable
irresistible,iresistible
irresistible,irresistable
irresistibly,iresistably
irresistibly,iresistibly
irresistibly,irresistably
irritable,iritable
irritated,iritated
isn't,isnt
jeopardy,jeapardy
journeys,journies
judicial,judical
judiciary,judisuary
just,jstu
just,jsut
keratin,ceratin
kindergarten,kindergarden
know,knwo
know,konw
know,kwno
know,nkow
know,nkwo
knowledge,knowlege
knowledgeable,knowledgable
knowledgeable,knowlegeable
knows,knwos
knows,konws
laboratory,labratory
laid,layed
language,laguage
languages,laguages
larvae,lavae
last,lsat
lavatory,labatory
leaf,lief
lean,leanr
leaner,leanr
learn,leanr
learn,leran
learns,lerans
led,leaded
legitimate,legitamate
leisure,liesure
length,lenght
level,levle
levitate,levetate
levitated,levetated
levitates,levetates
levitating,levetating
liable,lible
liaison,liason
libel,libell
libel,lible
library,libary
licence,lisence
licence,lisense
license,lisence
license,lisense
licensed,licenced
licensing,licencing
lieutenant,leutenant
life,lief
light_year,lightyear
light_year,lightyears
like,liek
like,liuke
liked,liekd
likelihood,likelyhood
linguistic,libguistic
linguistics,libguistics
liquefy,liquify
literature,litature
literature,literture
little,littel
lively,livley
loneliness,lonelyness
lonely,lonley
lonely,lonly
losing,loosing
lot,alot
love,loev
love,lveo
love,lvoe
lying,lieing
made,maked
magnolia,magolia
maintenance,maintainance
maintenance,maintainence
maintenance,maintance
maintenance,maintenence
majority,marjority
make,amke
make,mkae
make,mkea
makes,makse
makes,mkaes
making,amking
making,mkaing
mammal,mamal
mammalian,mamalian
management,managment
maneuver,manouver
maneuver,manuever
maneuverability,manoeuverability
maneuverability,manouverability
maneuverable,manouverable
maneuvers,manouvers
maneuvers,manuevers
manoeuvrability,manoeuverability
manoeuvrability,manouverability
manoeuvrable,manouverable
manoeuvre,manouver
manoeuvre,manuever
manoeuvres,manouvers
manoeuvres,manuevers
manufacture,manufature
manufactured,manufatured
manufacturing,manufaturing
mare,mear
marked,maked
marketing,marketting
marriage,marrage
marriage,marraige
married,marryied
mass_media,massmedia
mathematician,mathmatician
mathematicians,matheticians
mathematicians,mathmaticians
mathematics,mathamatics
mediaeval,medeival
medicine,medacine
medieval,medeival
member,memeber
mentioned,maintioned
mere,mear
messenger,messanger
metallic,metalic
metallurgic,metalurgic
metallurgical,metalurgical
metallurgy,metalurgy
metamorphosis,metamorphysis
midwives,midwifes
milieu,mileau
milieu,mileu
military,millitary
millennium,milennium
millennium,millenium
millipede,millepede
miniature,minature
ministry,ministery
minuscule,miniscule
miscellaneous,miscelaneous
miscellaneous,miscellanious
miscellaneous,miscellanous
mischievous,mischeivous
mischievous,mischevious
mischievous,mischievious
misdemeanor,misdameanor
misdemeanor,misdemenor
misdemeanors,misdameanors
misdemeanors,misdemenors
misdemeanour,misdameanor
misdemeanour,misdemenor
misdemeanours,misdameanors
misdemeanours,misdemenors
misogynist,mysogynist
misogyny,mysogyny
missel,missle
missile,misile
missile,missle
misspelling,mispelling
mizzen,missen
model,modle
moment,moent
monasteries,monestaries
monastery,monestary
monetary,monestary
money,moeny
monolithic,monolite
more,mroe
more,omre
mortgage,morgage
most_famous,famoust
motivated,motiviated
movie,movei
mucous,mucuous
municipalities,muncipalities
municipality,muncipality
murder,muder
murdering,mudering
muscles,muscels
mussels,muscels
myriad,myraid
myself,mysef
mysterious,misterious
mysterious,misteryous
mysterious,mysterous
mystery,mistery
natural,naturual
naturally,naturaly
naturally,naturely
naturally,naturually
necessarily,neccesarily
necessarily,neccessarily
necessarily,necesarily
necessarily,nessasarily
necessary,neccesary
necessary,neccessary
necessary,necesary
need,ened
negligible,neglible
negligible,negligable
negotiate,negociate
negotiation,negociation
negotiation,negotation
neighbor,neigbour
neighboring,neigbouring
neighbors,neigbours
neighbour,neigbour
neighbouring,neigbouring
neighbours,neigbours
next,enxt
nice,neice
nickel,nickle
niece,neice
nineteenth,ninteenth
ninety,ninty
ninth,nineth
no_one,noone
north,noth
northeastern,northereastern
northern,northen
northern,nothern
not,nto
not,onot
notable,noteable
notably,noteably
note,onot
noticeable,noticable
noticeable,noticible
noticing,noticeing
notoriety,noteriety
nouveau,noveau
nuclear,nucular
nuclear,nuculear
nuisance,nuisanse
nuisance,nusance
nutrient,nutritent
nutrients,nutritents
obedience,obediance
obedient,obediant
obstacle,obstacal
occasion,ocasion
occasion,ocassion
occasion,occassion
occasional,ocasional
occasional,ocassional
occasional,occassional
occasionally,ocasionally
occasionally,ocasionaly
occasionally,ocassionally
occasionally,occassionally
occasionally,occassionaly
occasioned,ocasioned
occasioned,ocassioned
occasioned,occassioned
occasions,ocasions
occasions,ocassions
occasions,occassions
occur,occurr
occur,ocurr
occurred,occured
occurred,ocurred
occurrence,occurance
occurrence,occurence
occurrence,occurrance
occurrence,ocurrance
occurrence,ocurrence
occurrences,occurances
occurrences,occurences
occurrences,occurrances
occurring,occuring
octahedral,octohedral
octahedron,octohedron
official,offical
officially,offically
officially,officaly
officially,officialy
ogling,oging
omission,omision
omission,ommision
omitted,omited
omitted,ommited
omitted,ommitted
omitting,omiting
omitting,ommiting
omitting,ommitting
omnivorous,omniverous
omnivorously,omniverously
one,noone
only,lonly
only,onyl
ophthalmic,opthalmic
ophthalmologist,opthalmologist
ophthalmologist,opthamologist
ophthalmology,opthalmology
opinion,oppinion
opponent,oponent
opportunity,oportunity
opposite,oposite
opposition,oposition
oppression,opression
oppressive,opressive
optimism,optomism
orally,erally
organ,orgin
organism,organim
origin,orgin
original,orginal
original,origional
originally,originaly
originally,originnally
originally,orignally
other,otehr
overshadowed,overshaddowed
overwhelming,overwelming
oxygen,oxigen
oxymoron,oximoron
paid,paide
paid,payed
palace,palce
pamphlet,pamplet
pantomime,pantomine
parakeets,parrakeets
parallel,paralel
parallel,paralell
parallel,parralel
parallel,parrallel
parallel,parrallell
paraphernalia,paraphenalia
parenthesis,paranthesis
parliamentarian,paliamentarian
particular,parituclar
particularly,particularily
passed,pased
pastime,pasttime
pastoral,pastural
patented,pattented
peculiar,peculure
pejorative,perjorative
penalty,penatly
peninsula,penninsula
peninsula,penninsular
peninsula,pennisula
peninsular,penninsular
people,peopel
perceived,percepted
perceived,percieved
performance,performence
performed,performes
performs,performes
perhaps,perhasp
perhaps,perheaps
perhaps,perhpas
perhaps,perphas
peripatetic,peripathetic
perjury,perjery
permanent,permenant
permissible,permissable
permission,premission
perpendicular,perpindicular
persistence,persistance
persistent,persistant
personal,personel
personnel,personel
personnel,personell
personnel,personnell
persuade,pursuade
persuaded,pursuaded
persuades,pursuades
persuading,pususading
perturbation,pertubation
perturbations,pertubations
petition,petetion
phenomena,phenonmena
phenomenal,phenomenonal
phenomenal,phenomenonly
phenomenally,phenomenonly
phenomenon,phenomonenon
pheromone,feromone
phial,fiel
phials,fiels
philosopher,philisopher
philosophical,philisophical
philosophy,philisophy
phonetic,fonetic
phonograph,phongraph
piece,peice
pilgrimage,pilgrimmage
pilgrimages,pilgrimmages
pineapple,pinapple
pineapple,pinnaple
pitch,pich
place,palce
plaintiff,plantiff
planned,planed
playwright,playwrite
playwrights,playwrites
pleasant,plesant
poem,peom
poems,peoms
poetry,peotry
pogrom,progrom
pogroms,progroms
poison,poisin
pollinator,polinator
pollute,polute
polluted,poluted
pollutes,polutes
polluting,poluting
pollution,polution
pomegranate,pomegranite
popularity,popularaty
portrayed,protrayed
position,positon
position,possition
position,postion
positron,positon
possess,posess
possessed,posessed
possesses,posesses
possesses,posseses
possessing,posessing
possessing,possesing
possession,posession
possession,possesion
possibility,possibilty
possible,possable
possibly,possably
power,pwoer
powerful,powerfull
practical,practial
practically,practially
practically,practicaly
practically,practicly
practitioner,practicioner
practitioners,practicioners
prairie,prairy
preamble,preample
precede,preceed
preceded,preceeded
precedes,preceeds
preceding,preceeding
precursor,precurser
predecessor,precedessor
predominately,prominately
preferably,preferrably
preferred,prefered
preferring,prefering
pregnancies,pregancies
premiere,premeire
premiered,premeired
preparation,prepartion
prepare,prepair
prerogative,perogative
presence,presense
presidential,presidental
prestigious,prestigeous
prestigious,prestigous
presumably,presumibly
prevalent,prevelant
previous,previvous
primitive,primative
primitively,primatively
primitives,primatives
primordial,primordal
principal,pricipal
principle,priciple
privilege,privelege
privilege,privelige
privilege,privilage
privilege,priviledge
privilege,privledge
privileged,priveleged
privileged,priveliged
privileges,priveledges
privileges,priveleges
privileges,priveliges
privileges,priviledges
pro_tem,protem
probability,probalibity
probably,probablly
probably,probaly
problem,probelm
procedure,procedger
procedure,proceedure
proceed,procede
proceeded,proceded
proceeding,proceding
proceedings,procedings
process,proccess
processing,proccessing
proclaimed,proclamed
proclaiming,proclaming
proclamation,proclomation
profession,profesion
profession,proffesion
professor,profesor
professor,proffesor
profusion,profesion
program,progrom
programmable,programable
programs,progroms
prohibition,prohabition
prolegomena,prologomena
prolific,profilic
prominence,prominance
prominent,prominant
prominently,prominantly
prominently,prominately
promiscuous,promiscous
pronominal,pronomial
pronunciation,pronounciation
propaganda,propoganda
propagate,propogate
propagates,propogates
propeller,propellor
propellers,propellors
proper,propper
prophecy,prophacy
proportions,propotions
proprietary,propietary
proprietary,proprietory
proselytizing,proseletyzing
protagonist,protaganist
protagonists,protaganists
protein,protem
protuberance,protruberance
provided,provded
pseudonym,pseudonyn
pseudonymous,pseudononymous
psychic,psyhic
psychic,pyscic
psychology,psycology
publicly,publically
pumpkin,pumkin
purpose,perphas
purposely,purposedly
pursue,persue
pursuing,persuing
pursuit,persuit
putting,puting
quantity,quantaty
quantity,quantitiy
quarantine,quarantaine
quickly,quicklyu
quiet,qtuie
quiet,qutie
quite,qtuie
quite,qutie
quizzes,quizes
rabbinical,rabinnical
rarefied,rarified
ratify,radify
real,rela
realised,relized
realized,relized
really,erally
really,raelly
really,realy
really,realyl
really,relaly
recall,reacll
receded,receeded
receding,receeding
receipt,reciept
receive,recieve
received,recieved
receiver,reciever
receivers,recievers
receives,recieves
receiving,recieving
recipient,recepient
recipient,recipiant
recipients,recepients
recipients,recipiants
recognize,recogize
recommend,reccomend
recommend,reccommend
recommend,recomend
recommended,reccomended
recommended,reccommended
recommended,recomended
recommending,reccomending
recommending,reccommending
recommending,recomending
recommends,recomends
reconciliation,reconcilation
reconnaissance,reconaissance
reconnaissance,reconnaissence
record,recrod
recreational,recrational
recurring,reccuring
reevaluated,revaluated
reference,referrence
reference,refference
referral,referal
referred,refered
referred,reffered
referring,refering
refers,referrs
refrigerator,refridgerator
refusal,refusla
regardless,irregardless
regular,regluar
regularly,reguarly
regularly,regularily
rehearsal,rehersal
relationship,relatiopnship
relatively,relativly
relevance,relevence
relevant,relevent
relieve,releive
relieved,releived
religious,religeous
religious,religous
remember,remeber
remembrance,rememberance
remembrance,remembrence
reminiscent,reminescent
remnant,reminent
renown,reknown
renowned,reknowned
repartition,repatition
repentance,repentence
repentant,repentent
repetition,repatition
repetition,repetion
representative,representive
representatives,representives
required,recquired
resemblance,resemblence
resemblance,ressemblance
resemblance,ressemblence
resemble,ressemble
resembled,ressembled
resembling,ressembling
reside,recide
resided,recided
resident,recident
residents,recidents
residing,reciding
resistance,resistence
resistant,resistent
resistible,resistable
response,reponse
response,responce
responsibility,responnsibilty
responsible,reponsible
restaurant,restaraunt
restaurant,resteraunt
restaurant,restraunt
restaurants,restaraunts
restaurants,resteraunts
restoration,restauration
restraint,restraunt
resurrecting,resurecting
resurrection,ressurection
retaliated,retalitated
retaliation,retalitation
reversible,reversable
revolutionary,revolutionar
rewrite,rewriet
rhyme,rhymme
rhythm,rhythem
rhythm,rhythim
rhythm,rythem
rhythm,rythim
rhythm,rythm
ridiculous,rediculous
rigor,rigeur
rigorous,rigourous
rigour,rigeur
ringing,rininging
rococo,rococco
room-mate,roomate
roommate,roomate
roughly,rougly
rule,rulle
sacrifice,sacrafice
safety,saftey
salary,salery
same,smae
sandwich,sandwhich
sassy,sasy
satellite,satelite
satellite,sattelite
satellites,satelites
satellites,sattelites
satyr,sotyr
says,sasy
says,syas
scalable,scaleable
schedule,schedual
scholarly,scholarstic
scholastic,scholarstic
sclera,clera
script,scirpt
script,scripot
scroll,scoll
secede,seceed
seceded,secceeded
seceded,seceeded
secretary,secratary
secretary,secretery
seize,sieze
seized,siezed
seizing,siezing
seizure,siezure
seizures,siezures
sense,sence
separate,seperate
separated,seperated
separately,seperately
separates,seperates
separating,seperating
separation,seperation
sepulcher,sepulchure
sepulcher,sepulcre
sepulchre,sepulchure
sepulchre,sepulcre
sergeant,sargant
serval,cervial
servile,cervial
several,severeal
severely,severley
shadow,shaddow
sheath,sheat
sheet,sheat
sheriff,sherif
shining,shineing
should,shoudl
should,shoudln
should,sould
shouldn't,shoudln
shouldn't,shouldnt
show,sohw
sidereal,sedereal
sidereal,sideral
siege,seige
signatories,signitories
signatory,signitory
significantly,signifantly
significantly,significently
similar,similiar
similar,simmilar
similarity,similiarity
similarly,similarily
simpler,simplier
simply,simpley
simultaneous,simultanous
since,sicne
since,sinse
sincerely,sincerley
sines,sinse
singsong,singsog
size,sieze
sized,siezed
sizing,siezing
sneeze,snese
sold,sould
soldiers,soliders
soliloquy,soliliquy
solitary,solatary
some,smoe
some,soem
sophisticated,sophicated
sophisticated,suphisticated
sophomore,sophmore
sound,soudn
sounds,soudns
soup,suop
south,sourth
southern,sourthern
souvenir,souvenier
souvenirs,souveniers
sovereign,soverign
sovereignty,sovereignity
sovereignty,soverignity
specialised,speciallized
specialized,speciallized
specific,specif
specify,specif
specimen,speciman
spectacular,spectauclar
speech,speach
spermatozoa,spermatozoan
spermatozoon,spermatozoan
sponsor,sponser
sponsored,sponzored
spontaneous,spontanous
spread,spreaded
start,strat
statement,statment
stop,stpo
stories,storeis
stories,storise
story,sotry
story,sotyr
story,stopry
story,stoyr
story,stroy
strand,strnad
strange,stange
strata,strat
strategic,startegic
strategies,startegies
strategies,stradegies
strategy,startegy
strategy,stradegy
strength,strenght
strengthen,strenghen
strengthen,strenghten
strengthened,strenghened
strengthened,strenghtened
strengthening,strenghening
strengthening,strenghtening
strenuous,strenous
strictest,strictist
stringent,stingent
striven,strived
strongest,stornegst
strove,strived
structure,stucture
structured,stuctured
stubbornness,stubborness
study,studdy
stylus,stilus
subpoena,sepina
subsidiary,subsidary
subsidiary,subsiduary
substance,substace
substantial,substatial
subterranean,subterranian
subtract,substract
subtracted,substracted
subtracting,substracting
subtraction,substraction
subtracts,substracts
succeed,seceed
succeed,suceed
succeeded,secceeded
succeeded,seceeded
succeeded,suceeded
succeeding,suceeding
succeeds,suceeds
success,sucess
successes,sucesses
successful,succesful
successful,successfull
successful,sucesful
successful,sucessfull
successfully,succesfully
successfully,succesfuly
successfully,sucesfully
successfully,sucesfuly
successfully,sucessfully
successfully,sucessfuly
succession,succesion
succession,sucesion
succession,sucession
successive,succesive
successive,sucessive
sufficient,sufficent
sufficiently,sufficently
suffrage,sufferage
summary,sumary
superintendent,superintendant
supersede,supercede
superseded,superceded
supplanted,surplanted
support,wupport
suppose,supose
supposed,suposed
supposedly,suposedly
supposes,suposes
supposing,suposing
suppress,supress
suppressed,supressed
suppressed,surpressed
suppresses,supresses
suppressing,supressing
surely,surley
surly,surley
surprise,suprise
surprise,suprize
surprise,surprize
surprised,suprised
surprised,suprized
surprised,surprized
surprising,suprising
surprising,suprizing
surprising,surprizing
surprisingly,suprisingly
surprisingly,suprizingly
surprisingly,surprizingly
surrendered,surrended
surreptitious,surrepetitious
surreptitious,surreptious
surreptitiously,surrepetitiously
surreptitiously,surreptiously
surround,suround
surrounded,surounded
surrounded,surrended
surrounding,surounding
surroundings,suroundings
surrounds,surounds
surveyor,surveyer
survivors,survivers
susceptible,suseptible
swear,swaer
swears,swaers
swimming,swiming
symmetric,symmetral
symmetrical,symetrical
symmetrically,symetrically
symmetrically,symmetricaly
symmetry,symetry
synonymous,synonomous
syphilis,syphyllis
syrup,syrap
take,tkae
takes,tkaes
taking,tkaing
talked,talekd
talking,tlaking
targeted,targetted
targeting,targetting
taste,tast
tattoos,tattooes
taught,teached
taxonomic,taxanomic
taxonomy,taxanomy
technician,techician
technicians,techicians
temperament,temperment
temperate,temparate
temperature,temperture
tendencies,tendancies
tendency,tendancy
tennis_player,tennisplayer
tentacle,tenacle
tentacles,tenacles
terrestrial,terrestial
territories,terriories
territory,terriory
terrorist,territorist
than,tahn
than,thna
that,taht
that,tath
that,thgat
that,thta
that,tyhat
the,tghe
the,ther
the,thge
the,tje
the,tjhe
theater,theather
theatre,theather
their,ther
their,theri
their,thier
themselves,themselfs
then,thne
theologian,theologist
there,ther
these,theese
they,tehy
they,tyhe
thickening,thikning
thief,theif
thieves,theives
thing,thign
thing,thnig
things,thigns
things,thigsn
things,thnigs
think,thikn
think,thiunk
think,tihkn
thinking,thikning
thinks,thikns
third,thrid
this,thsi
this,tihs
thoroughly,throughly
those,ethose
those,thsoe
three,threee
threshold,threshhold
through,throught
through,thru
throughout,throught
time,tiem
time,timne
time,tiome
tobacco,tobbaco
today,todya
today's,todays
tolerance,tolerence
tomatoes,tomatos
tome,tiome
tomorrow,tommorow
tomorrow,tommorrow
tonight,tongiht
torch,tourch
tornadoes,tornados
toroidal,toriodal
touch,tourch
toward,towrad
town,twon
traditionally,traditionaly
traffic,trafic
trafficked,trafficed
transcendence,transcendance
transcendent,trancendent
transcendent,transcendant
transcendental,transcendentational
transcending,trancending
transcending,transending
transcribing,transcripting
transcription,transcripting
transferred,transfered
transferring,transfering
translator,translater
translators,translaters
transmissible,transmissable
tremolo,tremelo
trilogy,triology
troops,troups
troupes,troups
truly,truely
trunk,turnk
turnkey,turnk
tyranny,tyrany
tyranny,tyrrany
ubiquitous,ubiquitious
uncertainty,uncertainity
unconscious,unconcious
unconsciousness,unconciousness
unconventional,unconvential
undecidable,undecideable
unfortunately,unforetunately
unfortunately,unfortunatly
unilateral,unilatreal
unilaterally,unilatreally
universities,univeristies
universities,univesities
university,univeristy
university,univesity
unnecessarily,unneccesarily
unnecessarily,unneccessarily
unnecessarily,unnecesarily
unnecessary,unecessary
unnecessary,unneccessary
unnecessary,unnecesary
unpleasant,unplesant
unrepentant,unrepentent
unsaid,unsed
unsubstantiated,unsubstanciated
unsuccessful,unsuccessfull
unsuccessful,unsucesful
unsuccessful,unsucessfull
unsuccessfully,unsucesfuly
unsuccessfully,unsucessfully
unsurprised,unsuprised
unsurprised,unsuprized
unsurprised,unsurprized
unsurprising,unsuprising
unsurprising,unsuprizing
unsurprising,unsurprizing
until,untill
unusable,unuseable
unused,unsed
unwieldy,unweildly
unwieldy,unwieldly
upon,apon
usable,useable
usage,useage
use,uise
use,useage
used,unsed
useful,usefull
usefully,usefuly
using,useing
usually,usally
usually,usualy
vacuum,vaccum
vacuum,vaccume
vagina,agina
valuable,valuble
valuable,valueable
varieties,varities
variety,varity
vegetable,vegitable
vegetables,vegitables
vengeance,vengance
venomous,venemous
veranda,meranda
verification,verfication
very,veyr
very,vrey
very,vyer
very,vyre
vicinity,vacinity
vigor,vigeur
vigorous,vigourous
vigour,vigeur
vilify,villify
villain,villian
villain,villin
villein,villin
villi,villin
visible,visable
visibly,visably
visiting,visting
volcano,volcanoe
volcanoes,volcanos
voluntary,volontary
volunteer,volonteer
volunteer,volounteer
volunteered,volonteered
volunteered,volounteered
volunteering,volonteering
volunteering,volounteering
volunteers,volonteers
volunteers,volounteers
want,watn
want,wnat
want_to,wanna
wanted,wnated
wants,wnats
warrant,warrent
was,wass
was,ws
wasn't,wasnt
weaponry,weaponary
wear,mear
weather,wether
weird,wierd
what,waht
what,whta
when,wehn
wherever,whereever
whether,wether
which,hwihc
which,whcih
which,whic
which,whihc
which,wich
while,hwile
whole,hwole
whole,wohle
wholly,wholy
wield,weild
wielded,weilded
wife,wief
wild,weild
will,iwll
will,wiull
wintry,wintery
witch,wich
with,iwth
with,wiht
with,witht
with,wtih
withdraw,withdrawl
withdrawal,withdrawl
within,withing
women's,womens
won't,wont
wont,wont
work,owrk
work,wokr
work,wrok
working,wokring
working,wroking
worsened,worstened
would,owudl
would,woudl
write,rwite
write,wriet
writing,wirting
written,writen
wrote,wroet
year,eyar
year,yera
years,eyars
years,eyasr
years,yeasr
years,yeras
years,yersa
desintewrated,desintegrated
polrtion,polution
liile,lible
convnrtor,convertor
acon,apon
ausion,alusion
beniift,benifit
disrcibing,discribing
qiuzes,quizes
iminenti,iminent
envioremnts,enviorments
dastructive,distructive
gramatcally,gramatically
ymetry,symetry
surrpize,surprize
emmising,emmiting
empreical,emperical
prestigos,prestigous
bcostitution,costitution
cmmongly,commongly
jeapary,jeapardy
amomend,ammend
edcideable,decideable
govetrment,goverment
jtrafic,trafic
volonteer,volonteer
idferrent,diferrent
xpainish,spainish
cuodl,coudl
sutberranian,subterranian
addrkes,addres
primutives,primatives
ingrefdiants,ingreediants
unsewd,unsed
alor,alot
alomts,alomst
ownt,wont
guerrylas,guerrilas
quicklmyu,quicklyu
leice,neice
sucessiou,sucession
colloies,collonies
mescendent,descendent
solkliquy,soliliquy
blateraly,bilateraly
ainoint,annoint
nintehenth,ninteenth
misdemensrs,misdemenors
tremxlo,tremelo
critisizedm,critisized
raesistable,resistable
tenninsular,penninsular
ininit,infinit
surernded,surrended
solioers,soliders
dispicalbe,dispicable
dities,dieties
chaiachters,charachters
tyeh,tyhe
rytthem,rythem
unqtill,untill
proinately,prominately
jepardy,jeapardy
meedival,medeival
ae,gae
ommisarries,emmisarries
commmemoreated,commmemorated
pseudononypmous,pseudononymous
alrewyd,alreayd
exempl,exemple
exerptt,exerpt
vnemous,venemous
says,sasy
fungusse,funguses
sucesive,succesive
manoeuverabiility,manoeuverability
daxanomic,taxanomic
unialtreal,unilatreal
businesey,busineses
suo,suop
zles,eles
livlecy,livley
Brasillan,Brasillian
alaedge,alledge
transcendanj,transcendant
Juydaism,Juadaism
consotent,consonent
induglue,indulgue
indepedanty,indepedantly
Plaistinian,Palistinian
edspiration,despiration
wjht,wiht
debteable,debateable
prmiatively,primatively
sceeed,seceed
villin,villian
misdgmenor,misdemenor
ylevetated,levetated
adders,addres
zimpedence,impedence
jnocence,inocence
engieoeer,engieneer
rssemble,ressemble
jpostion,postion
solideprs,soliders
iterpet,interpet
corrisopnding,corrisponding
ryacll,reacll
binminal,binominal
wann,wanna
pinaple,pinnaple
petnninsula,penninsula
fmaoust,famoust
pdaywrite,playwrite
todrys,todays
ggin,gogin
probalybity,probalibity
existnat,existant
crtiisizing,critisizing
tenisplayer,tennisplayer
usround,suround
secertery,secretery
commilioned,commisioned
imeqdiately,imediately
adexuate,adecuate
trakcending,trancending
lonelyoess,lonelyness
agranteed,garanteed
calpgraphy,caligraphy
naomoly,anomoly
adminstraitve,adminstrative
dsaster,diaster
prefeed,prefered
immtiate,immitate
ostion,postion
contempokraneus,contemporaneus
remebier,remeber
interaining,intertaining
prefeted,prefered
infectuus,infectuous
supised,suprised
algritm,algoritm
protm,protem
ancual,anual
diphtons,diphtongs
descusf,descuss
gred,agred
ga,gae
surprize,surprized
puxusading,pususading
atrillary,artillary
statmedt,statment
stp,stpo
mauevers,manuevers
temparkate,temparate
intutiveluy,intutively
acessable,accessable
harrasinge,harrasing
profifesion,proffesion
ignificently,significently
casetie,casette
charsitics,charistics
ercide,recide
pacticioner,practicioner
pertubaiton,pertubation
tommorowr,tommorow
derogitor,derogitory
disatisfied,disatisfied
lilvey,livley
Franysiscan,Fransiscan
embarassemnt,embarassment
diemination,disemination
opositivon,oposition
attainder,attaindre
grafitt,grafitti
dessicaetd,dessicated
Philliyppines,Phillippines
foundariesx,foundaries
artifcally,artifically
transcipting,transcripting
compraision,comparision
nkonw,konw
perssitant,persistant
coumander,comander
playwriets,playwrites
taxaonmic,taxanomic
libguisticc,libguistic
demgoraphical,demographical
roups,troups
vmanoeuverability,manoeuverability
priviledwge,priviledge
liwuify,liquify
ackwardf,ackward
targettd,targetted
neiebour,neigbour
excecute,excecutes
satttelite,sattelite
wfluorish,fluorish
Carthgaian,Carthagian
uncofncious,unconcious
inpsrisonment,inprisonment
veyr,vyer
nnoint,annoint
spermeatozoan,spermatozoan
intrelated,interelated
apprkopiate,appropiate
accomdaated,accomadated
akdopt,addopt
articularily,particularily
imigrtaion,imigration
ssentual,essentual
riger,rigeur
dream,deram
electricluy,electricly
netcesary,neccesary
noticing,noticeing
apoleagetics,apolegetics
happened,happended
caluculatmed,caluculated
commmemoratde,commmemorated
Micahgan,Michagan
uqtie,qutie
raelyl,realyl
painde,paide
gramer,grammer
accopmanyed,accompanyed
opninion,oppinion
islegimacy,illegimacy
makoed,maked
lava,lavae
sepeately,seperately
dectmposits,decomposits
perxasp,perhasp
gexeraly,generaly
rla,rela
remembreance,rememberance
vloonteered,volonteered
dietu,diety
campaiy,campain
suld,sould
vilblin,villin
revolutonar,revolutionar
iamginery,imaginery
benifti,benifit
conserxn,consern
feled,fleed
conysentrate,consentrate
definatel,definately
gutterla,gutteral
interpte,interpet
suroundnig,surounding
trasscripting,transcripting
guarentee,guarentees
eaxistant,existant
ofrbad,forbad
lijkd,liekd
advcied,adviced
inuependant,independant
Europia,Europian
brody,broady
iefinance,definance
chzoosen,choosen
begginens,begginers
exibitons,exibitions
dacyphered,decyphered
pbresidental,presidental
esentiatl,esential
jgovormental,govormental
writeln,writen
increadble,incredable
acceptgible,acceptible
ocurrancze,ocurrance
dwub,doub
criitsize,critisize
enviornmetns,enviornments
distngished,distingished
amoture,amature
dsisappears,dissappears
lnnelyness,lonelyness
influecnial,influencial
jconvenant,convenant
prologomens,prologomena
disparivgly,disparingly
clhnicaly,clinicaly
surouding,surounding
zdaes,idaes
chrif,cheif
adapttion,adaption
millitray,millitary
skrrended,surrended
wnta,wnat
becamwe,becamae
constiuant,constituant
diectly,driectly
arcahoelogy,archaoelogy
veeyr,eveyr
rpophacy,prophacy
asuceed,suceed
corripondant,corrispondant
aonmolous,anomolous
begginying,beggining
acuract,acuracy
soverizgn,soverign
thierw,thier
chozsen,choosen
sauceed,suceed
parralle,parrallel
addmission,addmission
eagerated,exagerated
decieged,decieved
kotyr,sotyr
ceriomnious,cerimonious
buinsess,buisness
procedeure,proceedure
wnais,wnats
pususadingc,pususading
Russrion,Russion
rpogrom,progrom
algoirtms,algoritms
critiissms,critisisms
abomdons,abondons
Flmmish,Flemmish
nintenth,ninteenth
canniter,cannister
teachoed,teached
philisohpy,philisophy
eceeded,receeded
buisneses,busineses
dietiecs,dieties
dysobediant,disobediant
Pabistian,Palistian
haeu,haev
fmr,fomr
embzelled,embezelled
pyscimc,pyscic
arhhetectural,archetectural
elphdant,elphant
addrses,addres
notwcible,noticible
despaarte,desparate
furuather,furuther
cesur,censur
recomendng,recomending
fuuther,furuther
cohrrispond,corrispond
cervlal,cervial
lieiyg,lieing
acquiantences,acquiantences
succesfullya,succesfully
continoualy,continously
imageary,imagenary
bounddry,boundry
instadance,instatance
qelectic,electic
addopztive,addoptive
possesing,posessing
tqriodal,toriodal
oponpent,oponent
tenadncy,tendancy
forhad,forhead
vacinitm,vacinity
baotu,baout
sepnia,sepina
xrivledge,privledge
siezce,sieze
copwyrite,copywrite
manouvre,manouver
defintly,definitly
acteualy,actualy
independantyl,independantly
statelites,satelites
mucsels,muscels
conious,concious
govermnet,goverment
ecompositing,decompositing
effood,efford
exgerrating,exagerrating
secexded,seceeded
acheivex,acheives
admevdment,admendment
descendnets,descendents
belezives,beleives
mnnecesary,unnecesary
pulically,publically
conciojusness,conciousness
althougth,althought
suprizei,suprized
befor,befoer
scholarsyic,scholarstic
abndons,abondons
likleyhood,likelyhood
occassionally,occassionally
habaeu,habaeus
imagenxry,imagenary
attet,attemt
tjihe,tjhe
conqucerer,conquerer
srenghten,strenghten
reccominded,reccomended
pronoimial,pronomial
ckomback,comback
medaine,medacine
diaste,diaster
foguth,fougth
qcquiantence,acquiantence
enigbouring,neigbouring
perjorativre,perjorative
indefinatelg,indefinately
ogign,goign
propellort,propellors
lensur,censur
algebraicla,algebraical
sbstracting,substracting
recipinant,recipiant
assasinates,assasinates
diphtbng,diphtong
indepedantl,indepedantly
nso,nto
prejorative,perjorative
abondoing,abondoning
quanntitiy,quantitiy
accomodtaions,accomodations
ayege,alege
monestarjy,monestary
sxpresses,supresses
resurectign,resurecting
vaccue,vaccum
casulatr,casulaty
ocuraence,ocurrence
conisdider,consdider
attmt,attemt
quizfes,quizes
privleiged,priveliged
manoeuversbility,manoeuverability
diice,divice
erponse,reponse
fufdametal,fundametal
millepxde,millepede
siezurde,siezure
instadeo,instade
fermoone,feromone
extin,extint
sinsxe,sinse
ressemblde,ressembled
bmsineses,busineses
neigbuors,neigbours
ewmediately,emmediately
rhhythim,rhythim
amnnointing,annointing
addquires,adquires
gaurv,gaurd
imature,amature
reccommenned,reccommended
unse,unsed
ktommorrow,tommorrow
thetaher,theather
shoudll,shoudln
consumate,consumated
ptriciple,priciple
uprogramable,programable
dresam,dreasm
attaiddre,attaindre
sourtp,sourth
appricciate,apprieciate
unconcicusness,unconciousness
oacustom,acustom
comisionsv,comisions
bengin,beggin
daolecent,adolecent
misdefenor,misdemenor
comhmisioner,commisioner
desbide,deside
recrodw,recrod
recoeeded,receeded
Chamapnge,Champange
consenrated,consentrated
spojntanous,spontanous
unforgetunately,unforetunately
inumerablwe,inumerable
levetatd,levetated
sfrounded,surounded
tonight,tongiht
merimony,cerimony
inumernble,inumerable
snee,snese
proceaing,proceding
pacle,palce
fiels,fiel
cotnsitutional,consitutional
oaut,boaut
imeditely,imediately
ikae,tkae
electivc,electic
thoughly,throughly
medeigval,medeival
suposse,suposes
zccross,accross
rytxm,rythm
pndulgue,indulgue
disatisfied,disatisfied
anihilamtion,anihilation
suriprizing,surprizing
sepultchure,sepulchure
Guienss,Guiness
aquirlng,aquiring
Athaeneans,Atheneans
stwadegies,stradegies
supsoe,supose
qeige,seige
controll,controll
beastyfull,beautyfull
dzivice,divice
viegur,vigeur
oasioned,ocasioned
propoganad,propoganda
bleszure,blessure
raticly,eraticly
hertos,heros
philispohy,philisophy
magoia,magolia
baojut,baout
clfimes,claimes
adodptive,addoptive
hyopcrit,hypocrit
goujener,gouvener
poluteso,polutes
surreetitious,surrepetitious
parrale,parralel
nnterbread,interbread
mqoe,mroe
atlho,altho
aerielsi,aeriels
qepina,sepina
livlxey,livley
strise,storise
trasnmissable,transmissable
cdrtilege,cartilege
anoolies,anomolies
suecssfully,sucessfully
aamture,amature
decyphner,decypher
diberent,diferent
planes,planed
originnall,originnally
norticible,noticible
opositiaon,oposition
cmitted,comitted
priveleeg,privelege
exerbamed,exerbated
independantc,independant
sucessfrll,sucessfull
foubth,fougth
journie,journies
inidsputibly,indisputibly
respnonsibilty,responnsibilty
genelogies,geneologies
enviornmetns,enviornments
sonvenant,convenant
fmke,amke
lfundametal,fundametal
proppek,propper
putng,puting
pernsonel,personel
coassion,ocassion
iqnt,isnt
andrgeny,androgeny
inmigriants,inmigrants
jdditinally,additinally
altohught,althought
othsi,thsi
buisness,buisness
swurreptiously,surreptiously
affoxt,affort
noticiblk,noticible
pukmin,pumkin
fiiament,filiament
becommipng,becomming
couurier,coururier
sererating,seperating
consolodaet,consolodate
supriczed,suprized
archtpype,archtype
ommittifg,ommitting
danl,dael
potsion,postion
cannonicl,cannonical
fudnametal,fundametal
appeaelling,appealling
corrispondannt,corrispondant
illegiacy,illegimacy
hconserned,conserned
critisihng,critising
firendb,firends
arlbitary,arbitary
corisponded,corrisponded
nucuvlear,nuculear
lelve,levle
roomdate,roomate
omliting,ommiting
shaddqw,shaddow
maneuver,manuever
sepulrce,sepulcre
agima,agina
exitant,existant
comrmisions,commisions
thkigs,thnigs
adminstratiod,adminstration
greitf,greif
thni,thnig
Jaqueps,Jaques
communcitaion,communciation
banmrupcy,bankrupcy
Guatamlaa,Guatamala
enviromeutally,enviromentally
privgliged,priveliged
tmoe,smoe
intereated,interelated
could,coudl
tas,tast
exmpell,expell
appartmet,appartment
exibiion,exibition
Iraelies,Israelies
subktraction,substraction
adviuced,adviced
ith,iwth
omdle,modle
startegyc,startegic
iths,tihs
ammendemnt,ammendment
surpresstd,surpressed
expels,expells
hygenie,hygeine
efifcently,efficently
reefring,refering
authobiograhpic,authobiographic
tehr,ther
substrcat,substract
abodnon,abondon
artilary,artillary
emisin,emision
agreimg,agreing
possesing,posessing
conquemer,conquerer
gechician,techician
negociatc,negociate
finanaialy,financialy
cleha,clera
emsperical,emperical
emborrased,embarrased
archalogy,archaology
unsd,unsed
godoesses,godesses
Rusion,Russion
tppearences,appearences
wkudl,woudl
trrany,tyrrany
commericiai,commericial
hypmcrit,hypocrit
djesgined,desgined
ocaszon,ocasion
dieng,dieing
causlaty,casulaty
sepulwhure,sepulchure
koriodal,toriodal
athiestical,atheistical
infini,infinit
nkowlege,knowlege
preeeding,preceeding
grafitoi,grafitti
bonary,bondary
choosvn,choosen
ehavour,behavour
prominotely,prominately
annointiong,annointing
sopzhmore,sophmore
emmisarrmies,emmisarries
spets,spects
corparat,corparate
isgnificently,significently
canonnical,cannonical
enviromtental,enviromental
compeance,competance
univesitly,univesity
oem,soem
acehived,acheived
piveleged,priveleged
archzoelogy,archaoelogy
zstange,stange
mgroe,mroe
combakc,comback
smetalurgy,metalurgy
roady,broady
psheudonyn,pseudonyn
anonimmity,anonimity
commisiond,commisions
arity,varity
sucicesfully,succesfully
envirnment,enviornment
neigborrs,neigbours
lviley,livley
enviommentally,enviormentally
enedk,ened
Emropians,Europians
lmagolia,magolia
indisptuibly,indisputibly
thsrought,throught
rediuclous,rediculous
behavur,behavour
elemrinating,eleminating
beilves,belives
targtted,targetted
financuialy,financialy
faciliaetd,faciliated
coqloration,coloration
fluorih,fluorish
next,enxt
nemce,neice
sprjaded,spreaded
referrs,referrs
epmirial,empirial
cllosal,collosal
asicaly,basicaly
guenrila,guerrila
milhu,mileu
comgander,comander
rarivfied,rarified
hapened,hapened
neccesxarily,neccessarily
acheiv,acheive
wensay,wensday
cnosolodate,consolodate
mnoestaries,monestaries
efficetly,efficently
misterios,misterious
neigbzouring,neigbouring
Cypeian,Cyprian
sold,sould
dispicsable,dispicable
tatw,tath
antyying,anytying
grta,grat
ninteh,nineth
contiuneing,continueing
zissisipi,Missisipi
abondonin,abondoning
releied,releived
hbaaeus,habaeus
inumerahle,inumerable
tenadncy,tendancy
finncialy,financialy
mamaolian,mamalian
brozady,broady
decendants,decendants
artificag,artifical
alotw,alot
graut,graet
rfeusla,refusla
aytributes,atributes
disaingish,distingish
descndent,descendent
cencs,cencus
thy,tehy
amissable,admissable
negciation,negociation
exempile,exemple
milenium,millenium
cervia,cervial
mketa,mkea
ager,agre
vraities,varities
consrvitive,conservitive
trioloy,triology
esqntial,esential
volonteer,volonteer
aproximaetly,aproximately
reicded,recided
jrythim,rythim
entrepenerus,entrepeneurs
pairy,prairy
strenghneed,strenghened
psttime,pasttime
qutif,qutie
despiratio,despiration
sucesive,sucessive
vigeuv,vigeur
explain,expalin
usness,busness
imanest,imanent
comissios,comissions
feil,fiel
expaliu,expalin
atittide,attitide
sepreating,seperating
addrs,addres
iickle,nickle
seize,sieze
possition,possition
graoupsex,groupsex
speachx,speach
maolia,magolia
ssay,sasy
reisstable,resistable
herops,heros
gattelite,sattelite
perqphas,perphas
jepaardy,jeapardy
mischeious,mischeivous
equipek,equiped
prminance,prominance
lgoritm,algoritm
iel,fiel
cloateral,colateral
surrejptiously,surreptiously
populaarty,popularaty
varites,varities
behn,wehn
Nazerxeth,Nazereth
cartilepe,cartilege
wbehavour,behavour
aroticel,articel
precxeds,preceeds
opluting,poluting
primativehy,primatively
coomate,roomate
xconsumated,consumated
tunrk,turnk
dhasr,chasr
plrogramable,programable
cartrqge,cartrige
demeor,demenor
criitsize,critisize
csmetary,cemetary
spressed,supressed
beanrocracy,beaurocracy
emmisariex,emmisaries
nineeth,nineth
kwono,kwno
deffihe,deffine
inteetaining,intertaining
ainumerable,inumerable
iscne,sicne
imigraiton,imigration
cotemporaneus,contemporaneus
castete,casette
indiepndent,indipendent
emqision,emmision
fin,fidn
rehcomending,recomending
used,unsed
radifr,radify
paralel,parralel
ptrsuaded,pursuaded
expell,expells
eleminatineg,eleminating
prtotem,protem
cverted,coverted
electircly,electricly
sucecsful,succesful
eamoured,enamoured
issle,missle
coroson,corosion
baroady,broady
ocssioned,ocassioned
sevelrey,severley
rabinical,rabinnical
attemts,attemts
gea,gae
onvertion,convertion
archeyaologists,archeaologists
sizeure,siezure
sttroy,stroy
Eurean,Eurpean
suposin,suposing
ela,rela
negkciate,negociate
commfing,comming
lpivley,livley
axfort,affort
existnce,existance
fiml,fiel
elanr,leanr
greatgful,greatful
waer,swaer
supressd,supressed
conoiderd,considerd
aurley,surley
prominatesy,prominately
consiutional,consitutional
boatu,boaut
sto,stpo
uropian,Europian
ntm,nto
aLybia,Lybia
wired,wierd
ciampain,campain
constiutional,constituional
callate,calulate
tpihs,tihs
supriizng,suprizing
unsd,unsed
Carthavgian,Carthagian
annointec,annointed
csleareance,cleareance
tiomeb,tiome
ommisionc,ommision
mathmaticjians,mathmaticians
racheaologists,archeaologists
dissobedxiance,dissobediance
unisanse,nuisanse
swipming,swiming
beggiznings,begginings
pesronel,personel
achviving,acheiving
unrepetnent,unrepentent
fxiel,fiel
acimplishment,acomplishment
villlin,villin
cphy,cpoy
inmigrante,inmigrants
htikns,thikns
knwo,nkwo
targeted,targetted
congresoinal,congresional
correpyosding,correposding
monestaiies,monestaries
tetched,teached
pzstural,pastural
lenar,leanr
uonserning,conserning
occuranci,occurance
diesa,idesa
imigmration,imigration
vlief,lief
mmrraige,marraige
equippment,equippment
erevsted,erested
pmukin,pumkin
reemberance,rememberance
protlaming,proclaming
venganec,vengance
hpen,hapen
reeceded,receeded
alway,alwasy
androkgeny,androgeny
valeuable,valueable
payde,payed
sepulchue,sepulchure
appriecriate,apprieciate
constuctoin,constuction
Japnanes,Japanes
messanegr,messanger
presenes,presense
accqension,accension
ocassioqns,ocassions
comntrovercy,controvercy
decompositjs,decomposits
serverley,severley
creaetde,creaeted
shinieng,shineing
ifheritage,inheritage
denegrazing,denegrating
undeicdeable,undecideable
omysogyny,mysogyny
addmissxion,addmission
doub,doub
ixigrated,imigrated
tlaikng,tlaking
Guatamala,Guatamala
pursuadtes,pursuades
rigouroue,rigourous
eceeded,receeded
srpressed,surpressed
aev,haev
hcouncellor,councellor
shpat,sheat
resistnet,resistent
Blitlzkreig,Blitzkreig
ocahsion,ocassion
emminnt,emminent
convertros,convertors
sras,syas
dia,diea
aquring,aquiring
caos,caost
ifreind,freind
Blitzreig,Blitzkreig
gppartment,appartment
rhmyme,rhymme
consumatec,consumated
lonmly,lonly
ecipiants,recipiants
leed,fleed
thrr,ther
sepertes,seperates
matheticiatns,matheticians
radffy,radify
mkame,mkae
precurcser,precurser
doesintegration,desintegration
